{"cameraMode":{"drawMode":2,"name":"Shaded Wireframe","section":"Shading Mode"},"sceneLighting":false,"audioPlay":false,"sceneViewState":{"showFog":false,"showMaterialUpdate":false,"showSkybox":false,"showFlares":false,"showImageEffects":false,"showParticleSystems":false},"in2DMode":false,"pivot":{"x":9.598955154418946,"y":0.9089823365211487,"z":7.585424423217773},"rotation":{"x":0.014381103217601776,"y":0.0479767881333828,"z":-0.0006898862775415182,"w":0.9987447261810303},"size":4.005878925323486,"orthographic":false}