{"cameraMode":{"drawMode":2,"name":"Shaded Wireframe","section":"Shading Mode"},"sceneLighting":true,"audioPlay":false,"sceneViewState":{"showFog":true,"showMaterialUpdate":true,"showSkybox":true,"showFlares":true,"showImageEffects":true,"showParticleSystems":true},"in2DMode":false,"pivot":{"x":21.679433822631837,"y":-9.654478073120118,"z":12.35757064819336},"rotation":{"x":0.22417092323303224,"y":0.36084404587745669,"z":-0.08979721367359162,"w":0.9008193016052246},"size":64.16085815429688,"orthographic":true}